{
  "script": "train.py",
  "arguments": [],
  "sourceDirectoryDataStore": null,
  "framework": "Python",
  "communicator": "None",
  "target": "amlcompute",
  "dataReferences": {},
  "jobName": null,
  "autoPrepareEnvironment": true,
  "maxRunDurationSeconds": null,
  "nodeCount": 1,
  "environment": {
    "python": {
      "interpreterPath": "python",
      "userManagedDependencies": false,
      "condaDependencies": {
        "name": "project_environment",
        "dependencies": [
          "python=3.6.2",
          {
            "pip": [
              "azureml-defaults==1.0.6"
            ]
          },
          "urllib",
          "tqdm",
          "scikit-learn"
        ]
      },
      "condaDependenciesFile": null
    },
    "environmentVariables": {
      "EXAMPLE_ENV_VAR": "EXAMPLE_VALUE"
    },
    "docker": {
      "baseImage": "mcr.microsoft.com/azureml/base:0.2.0",
      "enabled": false,
      "sharedVolumes": true,
      "preparation": null,
      "gpuSupport": false,
      "arguments": [],
      "baseImageRegistry": {
        "address": null,
        "username": null,
        "password": null
      }
    },
    "spark": {
      "repositories": [
        "https://mmlspark.azureedge.net/maven"
      ],
      "packages": [
        {
          "group": "com.microsoft.ml.spark",
          "artifact": "mmlspark_2.11",
          "version": "0.12"
        }
      ],
      "precachePackages": true
    }
  },
  "history": {
    "outputCollection": true
  },
  "spark": {
    "configuration": {
      "spark.yarn.maxAppAttempts": "1",
      "spark.app.name": "Azure ML Experiment"
    }
  },
  "amlCompute": {
    "name": null,
    "vmSize": "Standard_NC6",
    "vmPriority": null,
    "retainCluster": false,
    "clusterMaxNodeCount": 1
  },
  "tensorflow": {
    "workerCount": 1,
    "parameterServerCount": 1
  },
  "mpi": {
    "processCountPerNode": 1
  },
  "hdi": {
    "yarnDeployMode": "Cluster"
  },
  "containerInstance": {
    "region": null,
    "cpuCores": 0.0,
    "memoryGb": 0.0
  },
  "exposedPorts": null
}